264183816548130816	15140428	positive	Gas by my house hit $3.39!!!! I'm going to Chapel Hill on Sat. :)
263405084770172928	591166521	negative	Not Available
262163168678248449	35266263	negative	Not Available
264249301910310912	18516728	negative	Iranian general says Israel's Iron Dome can't deal with their missiles (keep talking like that and we may end up finding out)
262682041215234048	254373818	neutral	Not Available
264229576773861376	518129399	neutral	Not Available
264105751826538497	147088367	positive	with J Davlar 11th. Main rivals are team Poland. Hopefully we an make it a successful end to a tough week of training tomorrow.
264094586689953794	332474633	negative	Talking about ACT's &amp;&amp; SAT's, deciding where I want to go to college, applying to colleges and everything about college stresses me out.
212392538055778304	274996324	neutral	Not Available
254941790757601280	557103111	negative	They may have a SuperBowl in Dallas, but Dallas ain't winning a SuperBowl. Not with that quarterback and owner. @S4NYC @RasmussenPoll
264169034155696130	382403760	neutral	Im bringing the monster load of candy tomorrow, I just hope it doesn't get all squiched
263192091700654080	344222239	neutral	Apple software, retail chiefs out in overhaul: SAN FRANCISCO Apple Inc CEO Tim Cook on Monday replaced the heads... http://t.co/X49ZEOsG
263398998675693568	812957996	positive	@oluoch @victor_otti @kunjand I just watched it! Sridevi's comeback.... U remember her from the 90s?? Sun mornings on NTA ;)
263650552167157762	224845471	positive	Not Available
260200142420992000	332530284	neutral	#Livewire Nadal confirmed for Mexican Open in February: Rafael Nadal is set to play at the Me... http://t.co/zgUXpcnC #LiveWireAthletics
264087629237202944	61903760	positive	@MsSheLahY I didnt want to just pop up... but yep we have chapel hill next wednesday you should come.. and shes great ill tell her you asked
250692636330049538	29023839	neutral	@Alyoup005 @addicted2haley hmmmm  November is an odd release date if true but if it becomes big enough maybe she could sing it at Grammys
263304719471087617	564843841	neutral	#Iran US delisting MKO from global terrorists list in line with Iran campaign: Tehran, Oct 30, IRNA -- Secretary... http://t.co/9wWvxEbf
261954070938537985	228190529	positive	Not Available
260940907082293248	321674291	neutral	Not Available
263956867787673600	183985016	positive	Good Morning Becky ! Thursday is going to be Fantastic ! @SwedenG @DJ4JG @Grdina @Paverlayer @FSBull @RevkahJC @DicksTrash @borderfox116
263975113404342273	616166780	neutral	Expect light-moderate rains over E. Visayas; Cebu, Bohol, Samar &amp; Leyte have 30-70% chance of rains tonight! Expect fair weather tomorrow!:)
257343699460173824	10115042	positive	One ticket left for the @49ers game tomorrow!  Don't miss the rematch of the NFC Championship game against the NY Giants!  Hit me up!
264125591337463808	348691527	negative	Not Available
262350309781823488	540496404	negative	Not Available
264259830590603264	183011479	negative	Not Available
257239661976625152	64642600	neutral	Game 1 of the NLCS and a rematch of the NFC Championship game tomorrow. SF's gonna be cuuuuhraaaaaaaazeeeee
263868270006906880	834524701	neutral	Not Available
264223934403211264	117204603	neutral	Not Available
264041764460036096	198706982	positive	Never start working on your dreams and goals tomorrow......tomorrow never comes....if it means anything to U, ACT NOW! #getafterit
264102295392882689	43577828	positive	@TheFFAddict I had Vick and Flacco, needed an upgrade.  Vick may get benched, Jennings a back up again soon. I thought it was a win for me.
264173636141850626	827129677	positive	Not Available
264071572925603841	43167117	positive	Looks like Andy the Android may have had a little too much fun yesterday. http://t.co/7ZDEfzEC
262115068320284672	306647135	positive	@APGPhoto oooh nice .. Tis tempting to go up the lakes with my Nikon ...  Hmmmm I may do that ..
264239636799430656	864992245	neutral	BLACK FRIDAY Huge Saving Aerial View of a City, Paris Las Vegas, the Las Vegas Strip, Las Vegas,... http://t.co/DCTgeSED
264250109833924608	808985521	positive	Not Available
257951107530252289	100101797	negative	@MelmurMel @PBandJenelley_1 @vl_delp_ham_ Jenelle lies,1st she said she was alone &amp;the hosp.now she's saying how weird it was for Keiffer's
263502599699955712	138301329	negative	Not Available
264089847680077824	730902828	positive	Not Available
247426222190125056	229673919	positive	Not Available
224195395138490370	423023064	negative	Not Available
236665189502681089	551910244	neutral	Mohamed Morsi, Egypt's Muslim Brotherhood president, instructed the Supreme Council of the Armed Forces Thursday... http://t.co/NnBeUvSt
262384414623936512	17091853	neutral	C'mon Avila! You just got tagged out by a guy who looks like the kid Bill Murray was researching in The Royal Tenenbaums! #Tigers
263936581734383617	108594490	negative	Not Available
249228128302551040	160639448	neutral	At the first Grammy Awards, held on 4 May 1959, Domenico Modugno beat out Frank Sinatra and Peggy Lee for the Record of the Year,with Volare
243094456398663680	49991044	positive	Not Available
263346444772184065	566521127	positive	Not Available
263970913270251520	15794878	positive	Good morning Thursday. "Life is fragile. We're not guaranteed a tomorrow so give it everything you've got." - Tim Cook [Do it for Jobs!]
264162997088436224	93655075	positive	#Twitition Mcfly come back to Argentina but this time we want to come to mar del plata!!! http://t.co/DlXY0LCg
259821574394355712	23346086	positive	@Astrochologist anything. I wondered how the aspects btwn my sun/moon faired with my rising. I also have Venus in Sag...yea lol Thank u :)
263800856321859584	49032667	negative	My teachers call themselves givng us candy....wasn't even the GOOD stuff. I might go to Walmart or CVS tomorrow/
264011728084410369	24144230	neutral	#Broncos Peyton Manning named AFC Offensive Player of the month. It's his 5th such honor, second to Tom Brady's 6, tied w/ TD.
264120483384008704	533302080	neutral	Not Available
263939499426476032	37877566	positive	Not Available
264056733691961345	23939440	neutral	Andre's Wigan Warning - #COYS Official Site Wigan might currently occupy 15th place in the Premier League,... http://t.co/3mo7WIWd
264166129126227970	43464427	positive	Not Available
255098372162211840	622023706	positive	Not Available
260625554917711872	887211919	positive	Not Available
261965816906534912	345065738	neutral	@juice005 strange enough, I'm going to see Noel Gallagher in concert tomorrow  night. #alldayb1tch
264042275108188160	493383592	neutral	Not Available
263656013541027840	913170146	neutral	How are they going to act in new york with the subways out? They better clutch it out like Eli Manning 4th quarter
165044172858986496	160465887	negative	Homegrown talent missing on Signing Day: Throughout most of the day on Wednesday, the video scoreboard ... http://t.co/6dZ2hQkD #Raleigh
264230416897159168	142476472	positive	taylor swift is coming with ed sheeran june 29th? most perf news i've heard all night.
263809311086628864	175523498	positive	The great Noel Gallagher is about to hit the stage in St. Paul. Plenty of room here so we're 4th row center. Plenty of room. Pretty fired up
254278082985336832	468622626	positive	Not Available
263797084673691648	372303578	neutral	@lala_cox There are going to be plenty of ups &amp; downs for Boro,Cardiff,Leicester etc until May.I hope we are still in with a shout for promo
264162375182217217	299885545	negative	@joeeewilliams that sucks, amazon might have some left .. hate that i won't have it until 11am on Tuesday though
229553993750282240	75542870	positive	Not Available
264253780797825026	201148169	neutral	Playing as the Browns HC K. Fri in #Madden13, XFacalac lost to the Ravens 21-28 on All-Madden #ConnectedCareers
263974210618146816	184136559	positive	Not Available
260193762398064640	33442620	negative	@rosanne_89 Nooooooooo rosanne! They've just restocked them and me going overseas Sunday means I can't afford them :'(
256237809147445248	478075690	neutral	The pain is far deeper than a Billy cundiff missed field goal. Gotta wake up and forget about it tomorrow. #Orioles #stayhungry
264198711113039872	113783053	positive	Not Available
262977065568051201	73767786	neutral	after seeing @Iam_FaithReid's tweet about watching The Vow, I think I may need to watch it.
263281866856087552	53443641	positive	Not Available
261978292612120576	417557827	neutral	Not Available
261587085977337856	214153862	neutral	Not Available
262068536187432960	90333241	positive	@jbmclendon And the same station that will air new episodes of COUGAR TOWN in January! @tbsveryfunny has been good to us, Jordan. #PennyCan
264215390773727232	276151090	neutral	Alex Poythress had 11 points and 7 rebounds in his debut with Kentucky during an exhibition game on Thursday. He played 28 minutes.
245461530206932992	222961982	positive	Not Available
263391524769898496	615354091	neutral	If I can get my equipment working correctly we will have a live show on Friday at 6 pm CST with contactee Ray... http://t.co/9LVKwcYJ
260248287255343104	407729607	positive	Amazing concert tonight with Jim White and the TCU Jazz Ensemble/Faculty Jazz Combo!  Don't miss tomorrow night... http://t.co/i9asnsET
256984347935141889	62265830	neutral	#Nationals 9th Inning had that "4th Quarter #Redskins" feel, didn't it?  Coulda swore I saw Cundiff shank one from the mound.
264150962204192769	470529724	positive	Not Available
264087252299296768	15537302	neutral	Not Available
256416307182985217	47208627	positive	Capello says time for Russia to win big match: Russia manager Fabio Capello on Thursday said that he intended to... http://t.co/EFc5Cfng
259452211883569152	63808899	neutral	JACKALS GOAL! Jimmy Martin sneaks a rebound past Killeen to give Elmira a 2-1 lead. Bushee &amp; Bellamy with the assists.1:09 left 2nd period
263732569508552704	369152026	positive	Kick-off your weekend with service! EV!'s Get on the Bus trip to the Boys &amp; Girls Club is Friday from 3-6! Hope to see you there :)
264222052129574912	430519387	positive	@nater0driguez Lmfao alright u got me there. Good job Parker and the spurs, see y'all jan 9th. If I get an extra ticket to that game ur goin
213342054351257601	189656827	negative	Not Available
255190216795639808	366751482	neutral	@SunnyClifford We have a similar circumstance in Australia. Jan 25 is Australia Day &amp; many First peoples call it Invasion Day.
264135339327766529	159343219	neutral	paul-and5homos: Harry and Louis are just fri- Eleanor is such an inspira- Harry is such a manwho- Louis is... http://t.co/jxxTNlu6
263079812954992640	392639346	neutral	#web Apple software, retail chiefs out in overhaul: SAN FRANCISCO (Reuters) - Apple Inc CEO Tim Cook on Monday replaced the heads of ...
262311130586816512	75398254	positive	Not Available
264088457490604032	509707361	negative	"@PaperChasinAL: Damn next Saturday tho" Niggas was trynna get shit over with #early
263132960507703296	449609540	neutral	and the 4th one is for Harry Styles!! &lt;33333
264229531773177856	33695498	neutral	Not Available
259022549604790273	204793455	neutral	Not Available
253050608322502657	200261099	neutral	The Business Leader's Award ceremony will be held during the @wef annual meeting in Davos on the  25 January 2013! http://t.co/YI4r8UFM
262999273275260928	101319101	positive	Not Available
263919760503361536	87970697	positive	Not Available
264203403473850368	853146211	neutral	@Jordon_Atkins me you and joe gone chill Saturday of i come tho
264242024453111809	45450902	negative	"Obma fails 2unite us, he divides us by sex, color,party,age, wealth Nevada's 1st Latino governor votes early for Romney, predicts GOP win"
256787668367704066	610413207	positive	Grammys concert pays moving tribute to Whitney Houston: Whitney Houston was given a final sendoff by the Grammys on Thursday as Halle...
264187448853151744	314626767	neutral	Not Available
263865575313383424	410051441	neutral	Not Available
259224351478521856	20050520	neutral	It's Radio 1 Rocks next -  week starting off with a Live lounge on @fearnecotton's show with Bullet for my Valentine on Monday
246760239221858306	7532872	positive	Drew Peterson is #Untouchable no more! Check out these movie photos before you watch on Sun at 7/6c: http://t.co/LT9WUkOD
262862262270820352	601803511	neutral	@HotspurRelated im just a 19 year old still on loan for the 3rd time at coventry 79 overall hopefully when i return bale will still be ther
263494063251140609	378805603	negative	Not Available
264084352340742145	388974334	positive	PUMPED to open the season tomorrow night against Georgetown!  Women's Preview: http://t.co/1k3PAK3C | Men's Preview: http://t.co/n5oFat9V
264160761117552640	32215290	negative	Just found a piece of candy that may have been injected with something. #Why
263319006063259649	432174507	neutral	Apple shakeup Mobile software boss eased out: Apple Inc. CEO Tim Cook on Monday pushed out the powerful head of the company&amp;#039;s mo...
263799123847806976	22100843	neutral	Somehow I managed to "lose" my princess leia bra on Saturday. I'm going to Noel Gallagher as "Glock at Phish" ie jorts&amp;tank. @custymcnoob
263924763423035392	27133567	neutral	@docbungle I may relent and get one myself, but I hope it doesn't come to that. Hopefully all the decent apps will get ported to android
264183514176552961	316127177	neutral	Android 4.2 Camera app with Photo Sphere now available for Galaxy Nexus: Introduced on Monday, Android 4.2 bring... http://t.co/yl8QQP0R
262575945741914113	31121565	positive	SAEED: #NowPlaying: BEP, Ricky Martin and KT Tunstall! Great songs to get you through your Sunday! Hate the rain!! http://t.co/c9PmolGw
263921038352580608	213263464	neutral	@juliecrawley25. @GininjaDesign. @Donna_Butlin. Nope, it's just Camden, eating Greek food with a pumpkin... Just another Wednesday.
263730342454771712	423313613	neutral	Not Available
263748118091276288	785067278	neutral	FAQ: What is 'skeuomorphic design' and the executive shakeup at Apple: SAN FRANCISCO, CA - MARCH 07:  Apple CEO ... http://t.co/YCvoPl98
263651627372777473	19594426	neutral	Fact of the day; Halloween night is Papa John's second busiest night of the year behind Super Bowl Sunday.
264225809655533568	211763357	positive	Not Available
257369508086423553	531994655	positive	Omg. Ricky Martin may be gay but he is one fine ass gay man.
264249493787136000	260882576	positive	Not Available
263115779204075521	410272830	positive	Not Available
261845689280102400	96809957	positive	Not Available
261688724017008640	96363925	neutral	Not Available
261434845773828096	391892475	negative	Not Available
252798281413967872	23075654	neutral	Vow is likely to return from a midsummer break in the Prix de Royallieu at Longchamp on Saturday. http://t.co/FmoCg7YK
264182638816919552	446301191	positive	@HOPE_forHippies Hell yea lmfaoo , &amp; see you tomorrow Asia baby (;
264138191030874112	850357831	neutral	@Real_Liam_Payne I wanted you to know that here in Argentina is going to make a directioner fest 10 November te Amo TE AMO te amo!
263864248952836096	609103932	neutral	Its November already.. Christmas will be here soon, then New Year, then Valentine's day then GRADUATION?!?!
263972222677417985	229497776	positive	#NowPlaying Michael Jackson - She's Out of My Life (Live At Wembley July 16. http://t.co/vxRYuADn L.O.V.E it! #MjTunes
263867263474597888	428841738	negative	Niggas be on the LAKERS DICK...we still gon finish damn near first seed...while yo team be struggling for the 8th spot
240553933116944384	533752023	positive	@RediTlhabi @StevenB7777 OCTOBER  people have principles..&amp; argue passionately for them, about them &amp; ACT on them.  Ghandi, Sadat, ADT, me!
261642731477168128	372012787	positive	Not Available
262661737994670080	186089082	neutral	I need another Viv necklace... May buy myself one for Valentines day #nojoke
246320271248744448	206354030	positive	I'm in the bathroom bumping "Niggas In Paris" Crunk ass hell like it's my 1st time hearing it this song will never get old lol
255690502970671104	18712398	neutral	Just got tickets to see Muse in Florida. That, combined with the Grammys two weeks prior, equals a really busy February for Ruby and myself.
258695108529119232	64351004	positive	Not Available
261632295520333826	217685779	neutral	Battle for the 17th banner: Royal Rumble basketball edition
263513324912795648	298683418	positive	Not Available
261184553337630720	244570235	positive	4th Album out #RED, #20MillionSwifties, 6 Grammy Awards, 10 AMAs, 13 BMI Awards! Reigning Entertainer of the Year ACM!  #6YearsTaylorSwift
226474708487532546	59060233	neutral	Smooches from Fido: Yea or Nay? - July 6th was International Kissing Day (of the human sort). Later in the month, Ca... http://t.co/ctBrbIFt
247183266782789632	260477688	positive	It's midnight on the east coast which means its @nickjonas birthday! HAPPY 20th BIRTHDAY NICK J!!!!!!!!!! &lt;333
251742524601925633	610495100	negative	Apple CEO apologizes for error-ridden new map app: Apple CEO Tim Cook apologized Friday for the company's error-ridden new mobile map...
261706811453886464	79601816	neutral	Monta Ellis / Ellis provided just five points on 2-of-13 shooting Thursday http://t.co/AErfHHuK #nba #playersnews
258989036205662208	25393624	neutral	When I teach a basketball in my own school, we're gonna spend the 1st day watching Larry Bird videos, &amp; the rest will take care of itself.
264084748345962496	747406040	neutral	AT&amp;T offers free cloud storage for iOS and Android AT&amp;T on Thursday announced a new service it calls AT&amp;T Locker th... http://t.co/7yoVkmMX
263794433596723200	41680302	positive	We are here @NBCofChicago for our 12th Anniversary celebration.  You still have time to make it - 6620 S. King Dr
237571817550786563	727519172	neutral	@KarimAndSugar I told you Shane would get his 5th-star on Rivals before Signing Day. @Taylor_McNeill7
263449315350032384	295403177	neutral	@mysticvalley Mitch are you free on Sunday to bale leaves for an hour?  If not no big deal  you can have them for animals
260270126576836608	203247686	neutral	Not Available
252330752665075712	268248070	positive	Love how I skipped every category of the NTA's besides the soaps. Couldn't give half a fuck if everything else went off the air tomorrow.
263610933568499712	302256936	negative	Not Available
262903244886507521	575902991	neutral	New York Giants: Game-by-Game Predictions for the 2nd Half of the Season http://t.co/yK9VTjcs
264240983032614912	123520382	neutral	C'mon c'mon does sound like Queen's we will rock you somehow...
250929234997039104	399878389	neutral	Not Available
264055660864487424	346867096	neutral	Pick the Chelsea team to play Swansea - Chelsea's focus now turns back to the Premier League and on Saturday we make... http://t.co/6Az8JiIz
247772918384320512	19885888	neutral	@MarkUkLeaf I just had a look and it seems Nash to Davos is a done deal along with Joe Thornton. I may have to pay a visit...
254032799680589826	412603173	positive	Not Available
262206571201822721	185101254	positive	@ariaclemente Wow! you're also a percy jackson fan! :-) The 4th book of Heroes of Olympus will be entitled "House of Hades" @camphalfblood
264143294903246848	331180650	negative	Esperance will be without star player Youssef Msakni for the first leg of the Champions League final against Al Ahly on Saturday. #AFRICA
263247166582173696	45671664	negative	@chrischris__  The Sun: Paolo Di Canio says beating Aston Villa tonight would be like having sex with Madonna. #legend
226238092191875072	141284401	negative	OBVIOUSLY, i am not a fan of Dream High 2 and i haven't even watched it! well, i watched the 1st ep,that's where i heard that song!^^
258887925075410944	37007849	positive	Black History Fact: Marsalis is the 1st and only artist to win both classical and jazz Grammy Awards in one year, and to repeat the next yr
263530816162902016	323297690	positive	Watching David Letterman with no audience but playing like they are still there is the 2nd most brilliant thing I've seen tonight.
246588959247974401	67771614	neutral	Gov. Mitch Daniels will announce his Indiana Supreme Court pick at 10 a.m. Will the 3rd time be the charm for a female member of the panel?
263526095821889537	621475146	neutral	Not Available
263753326422806528	18013192	neutral	Not Available
257865075933728771	413586409	positive	Not Available
264244214248919040	560591956	negative	Not Available
262380235985657856	40098249	neutral	Not Available
263740861031010304	16380085	neutral	HT: Norwich 0-0 #Spurs. We've edged the 1st half without creating any clear cut chances. Bale's had a couple of decent long range efforts.
264226988879933440	26639468	positive	Guys, the Marijuana law in Colorado, Oregon, and Washington can pass this Tuesday. #HighHopes
254600864868749313	59459031	positive	Breezin' won the Best Pop Instrumental Performance at the 19th Grammy Awards
248234871238037508	51264823	neutral	Not Available
264161130585399297	163101429	negative	Not wearing make up to Dublin tomorrow until I'm getting ready for the party. Help.
263953741877764096	341470410	neutral	Snow may fall for parts of CNY the next few days. Find out where the best chances will be at 6:42 am on TV &amp; online: http://t.co/F0Kb0gqD
263803288074477568	396953010	neutral	Not Available
204001339599106048	160648260	neutral	Cofield draws leadoff walk in top 4th. Zaharion at the plate.
257332145687785472	328656254	neutral	@BieberGomezTour aww my celebrity day is this thursday also, going as Jennifer Hudson though :)
264235642039455744	22111480	positive	Not Available
264177327490072577	992361	negative	Not Available
263976883354480640	497155084	neutral	Sat down to watch Michael Jackson this is it on DVD xx
256395784038277120	163198967	neutral	On the set of the Axis of the Nigerian Economy, airing every tuesday 8:30pm on NTA international (DSTV) http://t.co/qFvON8Uj
261769579544584192	20096243	positive	Text from my dad: "you like Charles Dickens" 1) obvs looking at my amazon wish list (too late for Sunday) 2) why th surprise?!
264167430564237312	17781471	negative	Upset alert in ACC men's soccer: #1 Maryland down 4-2 to Wake Forest late in the 2nd...AND down a man after an earlier red card.
262627821908815872	28844188	negative	really bored of this host on Super Sunday doing nothing but talk and rave about Man Utd #BiasPrick
258836119532228608	25483231	neutral	Not Available
264259489627250689	50771140	negative	Not Available
258625516481953792	134881721	positive	Looper was amazing!!! Now to the theatre to see Simon Callow's 'The Mystery of Charles Dickens' ...loving my Wednesday off work :-)
222345601793277953	161407278	positive	Not Available
255848522581164033	363795716	neutral	Negros and nigglettes, all who would like to attend the a$ap rocky concert on  November 17th at starland lemme know tickets are only 25
264105390818619394	812898906	positive	Wish Maddie luck next saturday, she has a solo audition for Britain's Got Talent! :) ~ Ellie xxxxx
263660551836667907	130994597	neutral	Not Available
241225651074527232	39010302	neutral	% of Joe Pa masks at Penn State Sat? Or will PSU by allow then in the stadium? Is it bad to wear it? @Espngreeny
256018140318822400	580515576	negative	@MeganWitmer that's crazy. I'm more jealous of u going to Joe Pa's grave! I was sad Saturday when I walked past where the statue should be:(
263362769011748864	27020138	positive	Mizzou commemorates its win over Kentucky with a T-shirt. No, really. | Dr. Saturday - Yahoo! Sports http://t.co/2u46BvQ6 #fb
227577801526616064	629745753	neutral	Not Available
260036217008185344	278137824	neutral	Not Available
263706155778441216	27556859	neutral	@Vikingdane1 Thinking a bolt action .30-06 may have to be in the cards for Valentine's Day or something.
223045564571459584	305277813	positive	Happy Valentine's Day!!! @MAziing: Everyday is the 14th!
251954639119974401	21550315	neutral	Not Available
263961750142062592	441531846	neutral	@xBecx92 it may be Indian time tonite Becky :-) xx
263704789186117635	38615758	positive	Just watched The Campaign with Will Ferrell and Zack Galafianakis... Good fun for a Wednesday. #Hilarious
262778055402090496	22513829	neutral	@sumeetkulkarni Season ends with Superbowl in first week of February.
260799759097421824	15659445	neutral	Not Available
260949777687117824	32704887	neutral	Crazy I was in a meeting with an old NBA player that was picked 3rd before Larry Bird
264209699732348928	355051509	negative	Not Available
245532165637545985	34014706	negative	Not Available
264060311764619264	851106050	neutral	"@Ilovedoobz: @Patty_flipping I did, the other new is in today, northern lights......" I get payed tomorrow!
264202743877615616	21069858	neutral	Just finished rehearsing with @DWHY - we are ready for the Kendrick Lamar show tomorrow, shout outs to WVU... http://t.co/d76r8YZH
262834360129036288	800315304	neutral	I posted 12 photos on Facebook in the album "Super Sunday wid Shobhit Bhatia......" http://t.co/9DYtiAxO
264215340576284672	82125212	neutral	Not Available
247539282468802561	249847683	positive	Not Available
254902867566161921	525298874	negative	Not Available
263098506644955136	141049123	neutral	##$$## Black Friday Deals Nikon D3200 24.2 Megapixels Digital SLR Camera with 18-55mm NIKKOR VR Lens, Black &amp; Nikon ... http://t.co/NPMjK8UC
228956189000597505	501134907	positive	Han mon dieu le remix de I am the best dans Dream High 2, je meurs XDDD
264203931645775873	27777925	neutral	You do not want to miss this tomorrow night.  RJ is moving to Maryland soon, and we have a truly epic set planned... http://t.co/NItJIA5v
260920467324555265	361434318	neutral	Don't forget Mitch Daniels is going to be on Steven Colbert's show Thursday.  Think this will come up as a topic?
264204783974490113	163366657	positive	Not Available
264127995424423936	62680567	neutral	@BarackObama: I would think you would do that if you are running for POTUS. It may be part of your job someday.
258779389985173504	551648916	neutral	Not Available
263398004801798146	245624274	neutral	@kdbowe But how you gon handle it if you are announcing ON SUPER BOWL SUNDAY?!! You might put that gold back in yo grill.
263953846492094464	463441798	neutral	@Dapper_Dan1988 I have plans to go to CVS before work today and get something.  That may be what I get. I'm going to quarantine myself today
252650346873245696	275414774	neutral	iPhone 5: Apple CEO pledges to improve new map app: Apple CEO Tim Cook apologized on Friday for the company's er... http://t.co/7dzvgXNz
262497514995978241	14989779	neutral	Full Moon:Oct 29th. You can read more if you have your Sun Sign in Libra, Scorpio, Sag, Cap, Aqua or Pisces http://t.co/HNgb7Qn3
256787832453079043	199690203	neutral	Drew Peterson may be convicted, but there is still conflict going on http://t.co/lmqKV7XZ #whenwillitend #localnews #chicago
264067944458371072	28896087	neutral	@WFAN660 Paterno wouldnt be charged. All hearsay on him and he did do his job (minimal as may be). He reported it. Rest is speculation.
263918513083781122	389925947	negative	With all Benson's attention, Frankie feels like a forgotten stepchild. Lets 'founding father' him so he know we will never forget 2nd place.
262954361427222531	724506216	negative	Police, protesters clash at Republic Day march in Turkey: On a day marking the 89th anniversary of the founding ... http://t.co/xewokaIE
263664302882443264	377060725	positive	I will be participating in a Google+ Hangout with @TheEconomist tomorrow!  I'm SUPER excited! Check it out: https://t.co/jvmZcqBa
264074076706983937	337308259	negative	@buckbelue8 why do you think Murray may leave? No way a team drafts him before the 5th or 6th round!
263795814470664192	521532492	positive	Aww love you Austin Rivers and happy to see you get start in 1st NBA game...but it's against my boys, LETS GO SPURS! #Spurs #NBA
246566185292926976	139796398	neutral	Not Available
260851260956221440	242895807	positive	@TeamStradley mines personal thinking Tebow is better then Flacco. I don't care how bad he played Sunday
263646437458452480	155762352	positive	@OilOnWhyte @albertaoilfire another center? Gagner is a good cheap 2nd line option that we can afford and keep the kids.
264187997887541250	131042222	negative	@politicalwire I'm still shaking my head at that decision and that the Heat &amp; Knick are actually playing tomorrow at MSG.
264174898807717888	463661547	negative	the glass may be rising, but it's not getting any warmer here, Lago del Desierto, Argentina http://t.co/Hp4S2M5G
264245625682554880	58297064	positive	Wish I could make that trip to Athens on Tuesday @iCaptainMorgan
263186967615905792	610467658	neutral	Apple software, retail chiefs out in overhaul: SAN FRANCISCO (Reuters) - Apple Inc CEO Tim Cook on Monday pushed out the powerful hea...
257772423926136832	131227888	positive	Not Available
256416307182985217	47208627	neutral	Capello says time for Russia to win big match: Russia manager Fabio Capello on Thursday said that he intended to... http://t.co/EFc5Cfng
262953053659996161	36210889	neutral	I'm hosting the Day party @ Spartacus Friday From 2-6 and then @ Spy in Raleigh that night!
263701469289644032	129412273	neutral	"Eli Manning hopes the Giants can uplift the spirits of the millions affected by Sandy in NY with their game against the Steelers on Sunday"
225956951136292864	465974864	neutral	@_AllBelongs2Me_ the McCormick Place....rite here by the hyatt hotel on like 23rd nd King Dr.
256340930414645248	124869414	positive	Fabio Capello: "From what I've seen these days I can assure you Russia are capable of getting a good result vs Portugal tomorrow". #cantwait
264139268249763840	17436164	neutral	@bbberb not necessarily. In Nevada it may help Obama because its one less vote for Romney. But I know what you mean hah.
264230079494770688	297382357	negative	Not Available
237235329806004225	749604048	positive	Not Available
263191065086017537	236100068	positive	Not Available
264155231804346368	535941624	neutral	@_Sherwood12 he's on the plane to Amsterdam now, bet he's not in class tomorrow
264063574035533824	494035942	positive	@_bethanygarland I really wanna go to one of his things! Did you watch his new thing on channel 4 last Friday? xx
263640783863816192	214139359	negative	I -may- be the only girl on the face of the earth that DOESN'T find Channing Tatum attractive. #callmecrazy #justsayin #donthateme
264173041146290177	327913057	positive	Not Available
259535556055269376	28207562	neutral	Cold pizza and Mass Effect 3. I want my leg healed!! Going to look up some voodoo shit. I'll be walking, jumping and running tomorrow.
261545687106322432	25181326	positive	Remember Cupid at Convo last year with the bomb candy bar?? If you liked that, you'll LOVE next Tuesday's Tr http://t.co/af9hu4pU
264220451012739072	243861856	neutral	Not Available
263453340925583362	59055457	neutral	Channing tatum will be in white oak tomorrow...for all you stalkers out there
264152762026184704	287288414	neutral	@Brett_Elliott8 I fly that Saturday the 15th from Detroit to Amsterdam then up to Newcastle
263567165507137537	716222329	negative	Not Available
263760959779241984	20727102	positive	Not Available
261624197380460544	281520735	neutral	#hulu Video Game Trailers - Launch Trailer: Check out the launch trailer for Mass Effect 3. Added: Fri Oct 26 00... http://t.co/XsbCPkVe
257315024354279424	28660297	positive	@Pastorjoshg @corylethgo @KevinCabe @kcabe21 I'd watch Cougar Town over this any day! January 8 on TBS. Very funny. #firedooley
264096683766456320	93522700	negative	Not Available
263773432750157824	268893346	neutral	Of course it's Aston Villa.  Played them off the park on Saturday.  Bring it on!
233730670411796481	460864655	neutral	Not Available
264169849067028480	372547953	negative	Give me 5 mins with Candy the dancer from Deja Vu I'm nutting on my 4th pump she that bad lol
264075914567094273	238664746	positive	Not Available
263718726627627009	263579038	positive	@heeydems Do you know ?they may not but we're so fond of all the countries . Uh,happy Republic Day .
264195024135286785	57000820	positive	@shootingrocks cof cof~  someone is going to Germany on november 30 ...oh I really envy you   :)  http://t.co/kZZoR8Az
263331726942691329	70257698	positive	Thank you snow for cancelling classes today. Now you may stop snowing, so that I can drive to Chapel Hill tomorrow. I'd really appreciate it
260232337051230208	223305414	positive	Chick in my class said Flacco is the best QB in the league. 1- why is a chick talkin football. 2. I cant wait for class tomorrow lol
264243566207975424	14931166	positive	#entrepreneur #angelinvestor pitch in on the new birthday party / Super Bowl Sunday treat http://t.co/HcU3990c
226345220239925249	42909123	positive	Not Available
264188304747003904	200276624	positive	think i might go see flight tomorrow just because Denzel Washington ..
241625219050123264	41202626	neutral	Mohamed Nasheed's Press brief about CONI report - 31 Aug 2012: http://t.co/niN6zHhn via @youtube
264140484614684672	433625759	positive	Not Available
261563757212360706	67845619	neutral	Calling all reality TV fans: We're inviting LI reality TV stars to join a Google+ Hangout on Sunday and you can too. http://t.co/WzO0bhVm
256408189157916672	62631820	negative	Honesty is often best policy: Fabio Capello, Russia coach: "I was hoping Ronaldo's injury was more serious so he couldn't play tomorrow."
263827115638652928	550523672	positive	Not Available
261876441157869569	40270746	neutral	Not Available
264221978607636480	59342982	neutral	Dinner in Athens with my friend, @stevebeuerlein. Preparing for our game on @SEConCBS this Saturday. #OleMiss #Georgia http://t.co/4QqWxtnd
264218982926655488	51887927	positive	@Yvette_Elena :) Most def, i think when you come tomorrow the boys will be here.
263803981384515584	243903348	negative	This is Austin Rivers 1st game and people sucking him he a rookie chill !
264247456424935424	429312292	neutral	@goatmilkstuff Hello. May I ask how did you get on set of Castle?
241279363784536064	161716632	positive	Not Available
225311712008617986	182784794	negative	@HockeyyInsiderr " @OilersNow: Gagner's agent says talks continue, will have hearing on Friday if no deal" MSM just proved you're #clueless!
262696171703783425	283223567	positive	Not Available
244715076228096001	40362193	positive	The Woman In Black - the legendary ghost thriller, touring to Dubai and Abu Dhabi in November &amp; December. More... http://t.co/2uz56zci
264107216578174976	27952164	neutral	Can it please be Wednesday and POTUS has been re elected. Then we can move this country #Forward!
264214318327947265	57722479	neutral	Jacksonville really sound like the move tomorrow
264134721938808832	628912797	neutral	Not Available227577801526616064	629745753	neutral	Not Available
260036217008185344	278137824	neutral	Not Available
263706155778441216	27556859	neutral	@Vikingdane1 Thinking a bolt action .30-06 may have to be in the cards for Valentine's Day or something.
223045564571459584	305277813	positive	Happy Valentine's Day!!! @MAziing: Everyday is the 14th!
251954639119974401	21550315	neutral	Not Available
263961750142062592	441531846	neutral	@xBecx92 it may be Indian time tonite Becky :-) xx
263704789186117635	38615758	positive	Just watched The Campaign with Will Ferrell and Zack Galafianakis... Good fun for a Wednesday. #Hilarious
262778055402090496	22513829	neutral	@sumeetkulkarni Season ends with Superbowl in first week of February.
260799759097421824	15659445	neutral	Not Available
260949777687117824	32704887	neutral	Crazy I was in a meeting with an old NBA player that was picked 3rd before Larry Bird
264209699732348928	355051509	negative	Not Available
245532165637545985	34014706	negative	Not Available
264060311764619264	851106050	neutral	"@Ilovedoobz: @Patty_flipping I did, the other new is in today, northern lights......" I get payed tomorrow!
264202743877615616	21069858	neutral	Just finished rehearsing with @DWHY - we are ready for the Kendrick Lamar show tomorrow, shout outs to WVU... http://t.co/d76r8YZH
262834360129036288	800315304	neutral	I posted 12 photos on Facebook in the album "Super Sunday wid Shobhit Bhatia......" http://t.co/9DYtiAxO
264215340576284672	82125212	neutral	Not Available
247539282468802561	249847683	positive	Not Available
254902867566161921	525298874	negative	Not Available
263098506644955136	141049123	neutral	##$$## Black Friday Deals Nikon D3200 24.2 Megapixels Digital SLR Camera with 18-55mm NIKKOR VR Lens, Black &amp; Nikon ... http://t.co/NPMjK8UC
228956189000597505	501134907	positive	Han mon dieu le remix de I am the best dans Dream High 2, je meurs XDDD
264203931645775873	27777925	neutral	You do not want to miss this tomorrow night.  RJ is moving to Maryland soon, and we have a truly epic set planned... http://t.co/NItJIA5v
260920467324555265	361434318	neutral	Don't forget Mitch Daniels is going to be on Steven Colbert's show Thursday.  Think this will come up as a topic?
264204783974490113	163366657	positive	Not Available
264127995424423936	62680567	neutral	@BarackObama: I would think you would do that if you are running for POTUS. It may be part of your job someday.
258779389985173504	551648916	neutral	Not Available
263398004801798146	245624274	neutral	@kdbowe But how you gon handle it if you are announcing ON SUPER BOWL SUNDAY?!! You might put that gold back in yo grill.
263953846492094464	463441798	neutral	@Dapper_Dan1988 I have plans to go to CVS before work today and get something.  That may be what I get. I'm going to quarantine myself today
252650346873245696	275414774	neutral	iPhone 5: Apple CEO pledges to improve new map app: Apple CEO Tim Cook apologized on Friday for the company's er... http://t.co/7dzvgXNz
262497514995978241	14989779	neutral	Full Moon:Oct 29th. You can read more if you have your Sun Sign in Libra, Scorpio, Sag, Cap, Aqua or Pisces http://t.co/HNgb7Qn3
256787832453079043	199690203	neutral	Drew Peterson may be convicted, but there is still conflict going on http://t.co/lmqKV7XZ #whenwillitend #localnews #chicago
264067944458371072	28896087	neutral	@WFAN660 Paterno wouldnt be charged. All hearsay on him and he did do his job (minimal as may be). He reported it. Rest is speculation.
263918513083781122	389925947	negative	With all Benson's attention, Frankie feels like a forgotten stepchild. Lets 'founding father' him so he know we will never forget 2nd place.
262954361427222531	724506216	negative	Police, protesters clash at Republic Day march in Turkey: On a day marking the 89th anniversary of the founding ... http://t.co/xewokaIE
263664302882443264	377060725	positive	I will be participating in a Google+ Hangout with @TheEconomist tomorrow!  I'm SUPER excited! Check it out: https://t.co/jvmZcqBa
264074076706983937	337308259	negative	@buckbelue8 why do you think Murray may leave? No way a team drafts him before the 5th or 6th round!
263795814470664192	521532492	positive	Aww love you Austin Rivers and happy to see you get start in 1st NBA game...but it's against my boys, LETS GO SPURS! #Spurs #NBA
246566185292926976	139796398	neutral	Not Available
260851260956221440	242895807	positive	@TeamStradley mines personal thinking Tebow is better then Flacco. I don't care how bad he played Sunday
263646437458452480	155762352	positive	@OilOnWhyte @albertaoilfire another center? Gagner is a good cheap 2nd line option that we can afford and keep the kids.
264187997887541250	131042222	negative	@politicalwire I'm still shaking my head at that decision and that the Heat &amp; Knick are actually playing tomorrow at MSG.
264174898807717888	463661547	negative	the glass may be rising, but it's not getting any warmer here, Lago del Desierto, Argentina http://t.co/Hp4S2M5G
264245625682554880	58297064	positive	Wish I could make that trip to Athens on Tuesday @iCaptainMorgan
263186967615905792	610467658	neutral	Apple software, retail chiefs out in overhaul: SAN FRANCISCO (Reuters) - Apple Inc CEO Tim Cook on Monday pushed out the powerful hea...
257772423926136832	131227888	positive	Not Available
256416307182985217	47208627	neutral	Capello says time for Russia to win big match: Russia manager Fabio Capello on Thursday said that he intended to... http://t.co/EFc5Cfng
262953053659996161	36210889	neutral	I'm hosting the Day party @ Spartacus Friday From 2-6 and then @ Spy in Raleigh that night!
263701469289644032	129412273	neutral	"Eli Manning hopes the Giants can uplift the spirits of the millions affected by Sandy in NY with their game against the Steelers on Sunday"
225956951136292864	465974864	neutral	@_AllBelongs2Me_ the McCormick Place....rite here by the hyatt hotel on like 23rd nd King Dr.
256340930414645248	124869414	positive	Fabio Capello: "From what I've seen these days I can assure you Russia are capable of getting a good result vs Portugal tomorrow". #cantwait
264139268249763840	17436164	neutral	@bbberb not necessarily. In Nevada it may help Obama because its one less vote for Romney. But I know what you mean hah.
264230079494770688	297382357	negative	Not Available
237235329806004225	749604048	positive	Not Available
263191065086017537	236100068	positive	Not Available
264155231804346368	535941624	neutral	@_Sherwood12 he's on the plane to Amsterdam now, bet he's not in class tomorrow
264063574035533824	494035942	positive	@_bethanygarland I really wanna go to one of his things! Did you watch his new thing on channel 4 last Friday? xx
263640783863816192	214139359	negative	I -may- be the only girl on the face of the earth that DOESN'T find Channing Tatum attractive. #callmecrazy #justsayin #donthateme
264173041146290177	327913057	positive	Not Available
259535556055269376	28207562	neutral	Cold pizza and Mass Effect 3. I want my leg healed!! Going to look up some voodoo shit. I'll be walking, jumping and running tomorrow.
261545687106322432	25181326	positive	Remember Cupid at Convo last year with the bomb candy bar?? If you liked that, you'll LOVE next Tuesday's Tr http://t.co/af9hu4pU
264220451012739072	243861856	neutral	Not Available
263453340925583362	59055457	neutral	Channing tatum will be in white oak tomorrow...for all you stalkers out there
264152762026184704	287288414	neutral	@Brett_Elliott8 I fly that Saturday the 15th from Detroit to Amsterdam then up to Newcastle
263567165507137537	716222329	negative	Not Available
263760959779241984	20727102	positive	Not Available
261624197380460544	281520735	neutral	#hulu Video Game Trailers - Launch Trailer: Check out the launch trailer for Mass Effect 3. Added: Fri Oct 26 00... http://t.co/XsbCPkVe
257315024354279424	28660297	positive	@Pastorjoshg @corylethgo @KevinCabe @kcabe21 I'd watch Cougar Town over this any day! January 8 on TBS. Very funny. #firedooley
264096683766456320	93522700	negative	Not Available
263773432750157824	268893346	neutral	Of course it's Aston Villa.  Played them off the park on Saturday.  Bring it on!
233730670411796481	460864655	neutral	Not Available
264169849067028480	372547953	negative	Give me 5 mins with Candy the dancer from Deja Vu I'm nutting on my 4th pump she that bad lol
264075914567094273	238664746	positive	Not Available
263718726627627009	263579038	positive	@heeydems Do you know ?they may not but we're so fond of all the countries . Uh,happy Republic Day .
264195024135286785	57000820	positive	@shootingrocks cof cof~  someone is going to Germany on november 30 ...oh I really envy you   :)  http://t.co/kZZoR8Az
263331726942691329	70257698	positive	Thank you snow for cancelling classes today. Now you may stop snowing, so that I can drive to Chapel Hill tomorrow. I'd really appreciate it
260232337051230208	223305414	positive	Chick in my class said Flacco is the best QB in the league. 1- why is a chick talkin football. 2. I cant wait for class tomorrow lol
264243566207975424	14931166	positive	#entrepreneur #angelinvestor pitch in on the new birthday party / Super Bowl Sunday treat http://t.co/HcU3990c
226345220239925249	42909123	positive	Not Available
264188304747003904	200276624	positive	think i might go see flight tomorrow just because Denzel Washington ..
241625219050123264	41202626	neutral	Mohamed Nasheed's Press brief about CONI report - 31 Aug 2012: http://t.co/niN6zHhn via @youtube
264140484614684672	433625759	positive	Not Available
261563757212360706	67845619	neutral	Calling all reality TV fans: We're inviting LI reality TV stars to join a Google+ Hangout on Sunday and you can too. http://t.co/WzO0bhVm
256408189157916672	62631820	negative	Honesty is often best policy: Fabio Capello, Russia coach: "I was hoping Ronaldo's injury was more serious so he couldn't play tomorrow."
263827115638652928	550523672	positive	Not Available
261876441157869569	40270746	neutral	Not Available
264221978607636480	59342982	neutral	Dinner in Athens with my friend, @stevebeuerlein. Preparing for our game on @SEConCBS this Saturday. #OleMiss #Georgia http://t.co/4QqWxtnd
264218982926655488	51887927	positive	@Yvette_Elena :) Most def, i think when you come tomorrow the boys will be here.
263803981384515584	243903348	negative	This is Austin Rivers 1st game and people sucking him he a rookie chill !
264247456424935424	429312292	neutral	@goatmilkstuff Hello. May I ask how did you get on set of Castle?
241279363784536064	161716632	positive	Not Available
225311712008617986	182784794	negative	@HockeyyInsiderr " @OilersNow: Gagner's agent says talks continue, will have hearing on Friday if no deal" MSM just proved you're #clueless!
262696171703783425	283223567	positive	Not Available
244715076228096001	40362193	positive	The Woman In Black - the legendary ghost thriller, touring to Dubai and Abu Dhabi in November &amp; December. More... http://t.co/2uz56zci
264107216578174976	27952164	neutral	Can it please be Wednesday and POTUS has been re elected. Then we can move this country #Forward!
264214318327947265	57722479	neutral	Jacksonville really sound like the move tomorrow
264134721938808832	628912797	neutral	Not Available
258349170107224065	832164745	negative	@JessieWagnon @tcswagg NOOOOOOOOO!!!!!! Maybe you can just look over it right before the test tomorrow and do that first
240753714661584896	329047546	neutral	#hcafc loan keeper Ben Amos named in the England under-21s side to face Azerbaijan next Thursday and Norway on Sept 10.
264180570806964224	151353772	neutral	Not Available
264123855306641409	129882484	positive	Not Available
264182339536564227	120627815	neutral	@SteveRattner @JoeNBC @morningmika My friends and I are betting Joe wets his pants when he sees the whopping Mittens will get Nov 6
242989716893478913	175060800	negative	@ahmedthalib waheed proposed mdp to join the  gov prior CoNI's verdict. 7 feb controversial power transfer refrained mdp joining the govt.
264113005078405120	19816683	neutral	Me and @hayleyrose booked in to see A Good Day To Die Hard on February 14 2013 (Valentine's day).
264208558336389121	112878558	positive	"@AmianaTyransky: Frankie: I think I'm gonna have a date with my bed tomorrow Me: same." That's my boy
246776355558129664	98698262	positive	Pray for Mohamed Morsi the new President of Egypt that he may continue to be a leader for freedom and peace.  http://t.co/f0LKm17i
261557284549824512	903059828	positive	Not Available
257206947684704257	115215043	negative	Not Available
